neutral,happy,sad,surprise,anger,0.4431224,0.4431224,0.4431224,0.4431224,0.4431224
0.0072663636,0.0072663636,0.0072663636,0.0072663636,0.0072663636
0.4173167,0.4173167,0.4173167,0.4173167,0.4173167
0.012543261,0.012543261,0.012543261,0.012543261,0.012543261
0.11975129,0.11975129,0.11975129,0.11975129,0.11975129
0.5042056,0.5042056,0.5042056,0.5042056,0.5042056
0.014658268,0.014658268,0.014658268,0.014658268,0.014658268
0.36037487,0.36037487,0.36037487,0.36037487,0.36037487
0.016722236,0.016722236,0.016722236,0.016722236,0.016722236
0.10403906,0.10403906,0.10403906,0.10403906,0.10403906
0.48674527,0.48674527,0.48674527,0.48674527,0.48674527
0.015655419,0.015655419,0.015655419,0.015655419,0.015655419
0.40363243,0.40363243,0.40363243,0.40363243,0.40363243
0.014904397,0.014904397,0.014904397,0.014904397,0.014904397
0.07906251,0.07906251,0.07906251,0.07906251,0.07906251
0.4661903,0.4661903,0.4661903,0.4661903,0.4661903
0.010896734,0.010896734,0.010896734,0.010896734,0.010896734
0.39569682,0.39569682,0.39569682,0.39569682,0.39569682
0.008478842,0.008478842,0.008478842,0.008478842,0.008478842
0.11873723,0.11873723,0.11873723,0.11873723,0.11873723
0.4961367,0.4961367,0.4961367,0.4961367,0.4961367
0.012134663,0.012134663,0.012134663,0.012134663,0.012134663
0.34733585,0.34733585,0.34733585,0.34733585,0.34733585
0.010056976,0.010056976,0.010056976,0.010056976,0.010056976
0.1343358,0.1343358,0.1343358,0.1343358,0.1343358
0.50082,0.50082,0.50082,0.50082,0.50082
0.017061966,0.017061966,0.017061966,0.017061966,0.017061966
0.3471404,0.3471404,0.3471404,0.3471404,0.3471404
0.01582529,0.01582529,0.01582529,0.01582529,0.01582529
0.119152375,0.119152375,0.119152375,0.119152375,0.119152375
0.47130555,0.47130555,0.47130555,0.47130555,0.47130555
0.011042264,0.011042264,0.011042264,0.011042264,0.011042264
0.37435216,0.37435216,0.37435216,0.37435216,0.37435216
0.010894115,0.010894115,0.010894115,0.010894115,0.010894115
0.13240597,0.13240597,0.13240597,0.13240597,0.13240597
0.48323596,0.48323596,0.48323596,0.48323596,0.48323596
0.013733106,0.013733106,0.013733106,0.013733106,0.013733106
0.39226547,0.39226547,0.39226547,0.39226547,0.39226547
0.010054363,0.010054363,0.010054363,0.010054363,0.010054363
0.10071118,0.10071118,0.10071118,0.10071118,0.10071118
0.5433349,0.5433349,0.5433349,0.5433349,0.5433349
0.019381462,0.019381462,0.019381462,0.019381462,0.019381462
0.3261067,0.3261067,0.3261067,0.3261067,0.3261067
0.012731481,0.012731481,0.012731481,0.012731481,0.012731481
0.098445415,0.098445415,0.098445415,0.098445415,0.098445415
0.52575713,0.52575713,0.52575713,0.52575713,0.52575713
0.019144382,0.019144382,0.019144382,0.019144382,0.019144382
0.3504892,0.3504892,0.3504892,0.3504892,0.3504892
0.011108889,0.011108889,0.011108889,0.011108889,0.011108889
0.09350034,0.09350034,0.09350034,0.09350034,0.09350034
0.56573546,0.56573546,0.56573546,0.56573546,0.56573546
0.020641541,0.020641541,0.020641541,0.020641541,0.020641541
0.29192582,0.29192582,0.29192582,0.29192582,0.29192582
0.014367857,0.014367857,0.014367857,0.014367857,0.014367857
0.10732932,0.10732932,0.10732932,0.10732932,0.10732932
0.59007186,0.59007186,0.59007186,0.59007186,0.59007186
0.020688424,0.020688424,0.020688424,0.020688424,0.020688424
0.27784482,0.27784482,0.27784482,0.27784482,0.27784482
0.028469658,0.028469658,0.028469658,0.028469658,0.028469658
0.0829252,0.0829252,0.0829252,0.0829252,0.0829252
0.56940794,0.56940794,0.56940794,0.56940794,0.56940794
0.012522232,0.012522232,0.012522232,0.012522232,0.012522232
0.3171302,0.3171302,0.3171302,0.3171302,0.3171302
0.018086486,0.018086486,0.018086486,0.018086486,0.018086486
0.08285317,0.08285317,0.08285317,0.08285317,0.08285317
0.6037691,0.6037691,0.6037691,0.6037691,0.6037691
0.02052066,0.02052066,0.02052066,0.02052066,0.02052066
0.27230483,0.27230483,0.27230483,0.27230483,0.27230483
0.017847823,0.017847823,0.017847823,0.017847823,0.017847823
0.08555752,0.08555752,0.08555752,0.08555752,0.08555752
0.5302586,0.5302586,0.5302586,0.5302586,0.5302586
0.013040299,0.013040299,0.013040299,0.013040299,0.013040299
0.34616357,0.34616357,0.34616357,0.34616357,0.34616357
0.016137363,0.016137363,0.016137363,0.016137363,0.016137363
0.094400264,0.094400264,0.094400264,0.094400264,0.094400264
0.49732485,0.49732485,0.49732485,0.49732485,0.49732485
0.012613232,0.012613232,0.012613232,0.012613232,0.012613232
0.37978813,0.37978813,0.37978813,0.37978813,0.37978813
0.010367744,0.010367744,0.010367744,0.010367744,0.010367744
0.09990603,0.09990603,0.09990603,0.09990603,0.09990603
0.55817443,0.55817443,0.55817443,0.55817443,0.55817443
0.015607119,0.015607119,0.015607119,0.015607119,0.015607119
0.31157115,0.31157115,0.31157115,0.31157115,0.31157115
0.024076553,0.024076553,0.024076553,0.024076553,0.024076553
0.09057083,0.09057083,0.09057083,0.09057083,0.09057083
0.5413866,0.5413866,0.5413866,0.5413866,0.5413866
0.017554095,0.017554095,0.017554095,0.017554095,0.017554095
0.2839963,0.2839963,0.2839963,0.2839963,0.2839963
0.018036088,0.018036088,0.018036088,0.018036088,0.018036088
0.13902695,0.13902695,0.13902695,0.13902695,0.13902695
0.5199772,0.5199772,0.5199772,0.5199772,0.5199772
0.014733796,0.014733796,0.014733796,0.014733796,0.014733796
0.32083896,0.32083896,0.32083896,0.32083896,0.32083896
0.0132366745,0.0132366745,0.0132366745,0.0132366745,0.0132366745
0.1312133,0.1312133,0.1312133,0.1312133,0.1312133
0.51913697,0.51913697,0.51913697,0.51913697,0.51913697
0.011484853,0.011484853,0.011484853,0.011484853,0.011484853
0.36017337,0.36017337,0.36017337,0.36017337,0.36017337
0.014917246,0.014917246,0.014917246,0.014917246,0.014917246
0.09428751,0.09428751,0.09428751,0.09428751,0.09428751
0.5229491,0.5229491,0.5229491,0.5229491,0.5229491
0.014063544,0.014063544,0.014063544,0.014063544,0.014063544
0.35088316,0.35088316,0.35088316,0.35088316,0.35088316
0.026385674,0.026385674,0.026385674,0.026385674,0.026385674
0.08571851,0.08571851,0.08571851,0.08571851,0.08571851
0.55472803,0.55472803,0.55472803,0.55472803,0.55472803
0.009759981,0.009759981,0.009759981,0.009759981,0.009759981
0.27614227,0.27614227,0.27614227,0.27614227,0.27614227
0.034077074,0.034077074,0.034077074,0.034077074,0.034077074
0.12529261,0.12529261,0.12529261,0.12529261,0.12529261
0.49600264,0.49600264,0.49600264,0.49600264,0.49600264
0.011397915,0.011397915,0.011397915,0.011397915,0.011397915
0.3045151,0.3045151,0.3045151,0.3045151,0.3045151
0.1186886,0.1186886,0.1186886,0.1186886,0.1186886
0.06939569,0.06939569,0.06939569,0.06939569,0.06939569
0.5051275,0.5051275,0.5051275,0.5051275,0.5051275
0.025410652,0.025410652,0.025410652,0.025410652,0.025410652
0.31147066,0.31147066,0.31147066,0.31147066,0.31147066
0.12224071,0.12224071,0.12224071,0.12224071,0.12224071
0.035750482,0.035750482,0.035750482,0.035750482,0.035750482
0.60655123,0.60655123,0.60655123,0.60655123,0.60655123
0.046800956,0.046800956,0.046800956,0.046800956,0.046800956
0.26812723,0.26812723,0.26812723,0.26812723,0.26812723
0.03506557,0.03506557,0.03506557,0.03506557,0.03506557
0.04345491,0.04345491,0.04345491,0.04345491,0.04345491
0.492911,0.492911,0.492911,0.492911,0.492911
0.014500066,0.014500066,0.014500066,0.014500066,0.014500066
0.36178988,0.36178988,0.36178988,0.36178988,0.36178988
0.02082431,0.02082431,0.02082431,0.02082431,0.02082431
0.109974705,0.109974705,0.109974705,0.109974705,0.109974705
0.44434842,0.44434842,0.44434842,0.44434842,0.44434842
0.024785772,0.024785772,0.024785772,0.024785772,0.024785772
0.34561712,0.34561712,0.34561712,0.34561712,0.34561712
0.03229587,0.03229587,0.03229587,0.03229587,0.03229587
0.1529528,0.1529528,0.1529528,0.1529528,0.1529528
0.45806026,0.45806026,0.45806026,0.45806026,0.45806026
0.013697701,0.013697701,0.013697701,0.013697701,0.013697701
0.35066655,0.35066655,0.35066655,0.35066655,0.35066655
0.023917878,0.023917878,0.023917878,0.023917878,0.023917878
0.15365763,0.15365763,0.15365763,0.15365763,0.15365763
0.4531625,0.4531625,0.4531625,0.4531625,0.4531625
0.016889771,0.016889771,0.016889771,0.016889771,0.016889771
0.40743735,0.40743735,0.40743735,0.40743735,0.40743735
0.06088937,0.06088937,0.06088937,0.06088937,0.06088937
0.06162095,0.06162095,0.06162095,0.06162095,0.06162095
0.4601113,0.4601113,0.4601113,0.4601113,0.4601113
0.024681425,0.024681425,0.024681425,0.024681425,0.024681425
0.41039473,0.41039473,0.41039473,0.41039473,0.41039473
0.05117781,0.05117781,0.05117781,0.05117781,0.05117781
0.053634707,0.053634707,0.053634707,0.053634707,0.053634707
0.62171364,0.62171364,0.62171364,0.62171364,0.62171364
0.023945022,0.023945022,0.023945022,0.023945022,0.023945022
0.24938595,0.24938595,0.24938595,0.24938595,0.24938595
0.039564848,0.039564848,0.039564848,0.039564848,0.039564848
0.06539053,0.06539053,0.06539053,0.06539053,0.06539053
0.5453633,0.5453633,0.5453633,0.5453633,0.5453633
0.027287884,0.027287884,0.027287884,0.027287884,0.027287884
0.30630696,0.30630696,0.30630696,0.30630696,0.30630696
0.03870201,0.03870201,0.03870201,0.03870201,0.03870201
0.08233984,0.08233984,0.08233984,0.08233984,0.08233984
0.517567,0.517567,0.517567,0.517567,0.517567
0.0064167,0.0064167,0.0064167,0.0064167,0.0064167
0.33064738,0.33064738,0.33064738,0.33064738,0.33064738
0.072952054,0.072952054,0.072952054,0.072952054,0.072952054
0.07241693,0.07241693,0.07241693,0.07241693,0.07241693
0.50799006,0.50799006,0.50799006,0.50799006,0.50799006
0.010089706,0.010089706,0.010089706,0.010089706,0.010089706
0.34805986,0.34805986,0.34805986,0.34805986,0.34805986
0.0908321,0.0908321,0.0908321,0.0908321,0.0908321
0.043028355,0.043028355,0.043028355,0.043028355,0.043028355
0.49328735,0.49328735,0.49328735,0.49328735,0.49328735
0.014655554,0.014655554,0.014655554,0.014655554,0.014655554
0.31067783,0.31067783,0.31067783,0.31067783,0.31067783
0.13133559,0.13133559,0.13133559,0.13133559,0.13133559
0.050043616,0.050043616,0.050043616,0.050043616,0.050043616
0.5306889,0.5306889,0.5306889,0.5306889,0.5306889
0.010256134,0.010256134,0.010256134,0.010256134,0.010256134
0.3118125,0.3118125,0.3118125,0.3118125,0.3118125
0.020494454,0.020494454,0.020494454,0.020494454,0.020494454
0.1267481,0.1267481,0.1267481,0.1267481,0.1267481
0.5194398,0.5194398,0.5194398,0.5194398,0.5194398
0.0068867896,0.0068867896,0.0068867896,0.0068867896,0.0068867896
0.28680503,0.28680503,0.28680503,0.28680503,0.28680503
0.017218469,0.017218469,0.017218469,0.017218469,0.017218469
0.16964984,0.16964984,0.16964984,0.16964984,0.16964984
0.1515852,0.1515852,0.1515852,0.1515852,0.1515852
0.21615525,0.21615525,0.21615525,0.21615525,0.21615525
0.20795728,0.20795728,0.20795728,0.20795728,0.20795728
0.29043147,0.29043147,0.29043147,0.29043147,0.29043147
0.13387083,0.13387083,0.13387083,0.13387083,0.13387083
0.5684975,0.5684975,0.5684975,0.5684975,0.5684975
0.0036500222,0.0036500222,0.0036500222,0.0036500222,0.0036500222
0.25623742,0.25623742,0.25623742,0.25623742,0.25623742
0.021229394,0.021229394,0.021229394,0.021229394,0.021229394
0.15038568,0.15038568,0.15038568,0.15038568,0.15038568
0.5684975,0.5684975,0.5684975,0.5684975,0.5684975
0.0036500222,0.0036500222,0.0036500222,0.0036500222,0.0036500222
0.25623742,0.25623742,0.25623742,0.25623742,0.25623742
0.021229394,0.021229394,0.021229394,0.021229394,0.021229394
0.15038568,0.15038568,0.15038568,0.15038568,0.15038568
0.57467157,0.57467157,0.57467157,0.57467157,0.57467157
0.00401721,0.00401721,0.00401721,0.00401721,0.00401721
0.2597317,0.2597317,0.2597317,0.2597317,0.2597317
0.01627943,0.01627943,0.01627943,0.01627943,0.01627943
0.1453001,0.1453001,0.1453001,0.1453001,0.1453001
0.53706664,0.53706664,0.53706664,0.53706664,0.53706664
0.003698271,0.003698271,0.003698271,0.003698271,0.003698271
0.24103723,0.24103723,0.24103723,0.24103723,0.24103723
0.009612035,0.009612035,0.009612035,0.009612035,0.009612035
0.20858577,0.20858577,0.20858577,0.20858577,0.20858577
0.58427817,0.58427817,0.58427817,0.58427817,0.58427817
0.0066470006,0.0066470006,0.0066470006,0.0066470006,0.0066470006
0.238166,0.238166,0.238166,0.238166,0.238166
0.026281819,0.026281819,0.026281819,0.026281819,0.026281819
0.14462699,0.14462699,0.14462699,0.14462699,0.14462699
0.52010417,0.52010417,0.52010417,0.52010417,0.52010417
0.006967954,0.006967954,0.006967954,0.006967954,0.006967954
0.31173968,0.31173968,0.31173968,0.31173968,0.31173968
0.027157394,0.027157394,0.027157394,0.027157394,0.027157394
0.13403086,0.13403086,0.13403086,0.13403086,0.13403086
0.53215396,0.53215396,0.53215396,0.53215396,0.53215396
0.00875288,0.00875288,0.00875288,0.00875288,0.00875288
0.27808586,0.27808586,0.27808586,0.27808586,0.27808586
0.014503312,0.014503312,0.014503312,0.014503312,0.014503312
0.16650398,0.16650398,0.16650398,0.16650398,0.16650398
0.50628376,0.50628376,0.50628376,0.50628376,0.50628376
0.010117446,0.010117446,0.010117446,0.010117446,0.010117446
0.27865556,0.27865556,0.27865556,0.27865556,0.27865556
0.012764121,0.012764121,0.012764121,0.012764121,0.012764121
0.1921791,0.1921791,0.1921791,0.1921791,0.1921791
0.49589422,0.49589422,0.49589422,0.49589422,0.49589422
0.009792447,0.009792447,0.009792447,0.009792447,0.009792447
0.32012317,0.32012317,0.32012317,0.32012317,0.32012317
0.01023569,0.01023569,0.01023569,0.01023569,0.01023569
0.1639545,0.1639545,0.1639545,0.1639545,0.1639545
0.49589422,0.49589422,0.49589422,0.49589422,0.49589422
0.009792447,0.009792447,0.009792447,0.009792447,0.009792447
0.32012317,0.32012317,0.32012317,0.32012317,0.32012317
0.01023569,0.01023569,0.01023569,0.01023569,0.01023569
0.1639545,0.1639545,0.1639545,0.1639545,0.1639545
0.50531316,0.50531316,0.50531316,0.50531316,0.50531316
0.011927538,0.011927538,0.011927538,0.011927538,0.011927538
0.26929733,0.26929733,0.26929733,0.26929733,0.26929733
0.0068219188,0.0068219188,0.0068219188,0.0068219188,0.0068219188
0.20664003,0.20664003,0.20664003,0.20664003,0.20664003
0.5844132,0.5844132,0.5844132,0.5844132,0.5844132
0.0164258,0.0164258,0.0164258,0.0164258,0.0164258
0.27892116,0.27892116,0.27892116,0.27892116,0.27892116
0.007642532,0.007642532,0.007642532,0.007642532,0.007642532
0.11259735,0.11259735,0.11259735,0.11259735,0.11259735
0.62461776,0.62461776,0.62461776,0.62461776,0.62461776
0.019563146,0.019563146,0.019563146,0.019563146,0.019563146
0.24043916,0.24043916,0.24043916,0.24043916,0.24043916
0.009361701,0.009361701,0.009361701,0.009361701,0.009361701
0.106018275,0.106018275,0.106018275,0.106018275,0.106018275
0.6122907,0.6122907,0.6122907,0.6122907,0.6122907
0.017332105,0.017332105,0.017332105,0.017332105,0.017332105
0.24026085,0.24026085,0.24026085,0.24026085,0.24026085
0.01215301,0.01215301,0.01215301,0.01215301,0.01215301
0.1179634,0.1179634,0.1179634,0.1179634,0.1179634
0.61777073,0.61777073,0.61777073,0.61777073,0.61777073
0.018512772,0.018512772,0.018512772,0.018512772,0.018512772
0.24655515,0.24655515,0.24655515,0.24655515,0.24655515
0.011729535,0.011729535,0.011729535,0.011729535,0.011729535
0.10543188,0.10543188,0.10543188,0.10543188,0.10543188
0.5889713,0.5889713,0.5889713,0.5889713,0.5889713
0.017930364,0.017930364,0.017930364,0.017930364,0.017930364
0.2332997,0.2332997,0.2332997,0.2332997,0.2332997
0.005255251,0.005255251,0.005255251,0.005255251,0.005255251
0.15454336,0.15454336,0.15454336,0.15454336,0.15454336
0.67949635,0.67949635,0.67949635,0.67949635,0.67949635
0.02103371,0.02103371,0.02103371,0.02103371,0.02103371
0.19462007,0.19462007,0.19462007,0.19462007,0.19462007
0.009609916,0.009609916,0.009609916,0.009609916,0.009609916
0.095239945,0.095239945,0.095239945,0.095239945,0.095239945
0.66958165,0.66958165,0.66958165,0.66958165,0.66958165
0.017459843,0.017459843,0.017459843,0.017459843,0.017459843
0.1638511,0.1638511,0.1638511,0.1638511,0.1638511
0.01506553,0.01506553,0.01506553,0.01506553,0.01506553
0.13404195,0.13404195,0.13404195,0.13404195,0.13404195
0.5964251,0.5964251,0.5964251,0.5964251,0.5964251
0.014045968,0.014045968,0.014045968,0.014045968,0.014045968
0.25041986,0.25041986,0.25041986,0.25041986,0.25041986
0.010432376,0.010432376,0.010432376,0.010432376,0.010432376
0.12867662,0.12867662,0.12867662,0.12867662,0.12867662
0.5957377,0.5957377,0.5957377,0.5957377,0.5957377
0.010579423,0.010579423,0.010579423,0.010579423,0.010579423
0.214041,0.214041,0.214041,0.214041,0.214041
0.009205849,0.009205849,0.009205849,0.009205849,0.009205849
0.17043608,0.17043608,0.17043608,0.17043608,0.17043608
0.49806446,0.49806446,0.49806446,0.49806446,0.49806446
0.009902547,0.009902547,0.009902547,0.009902547,0.009902547
0.26116002,0.26116002,0.26116002,0.26116002,0.26116002
0.0030425417,0.0030425417,0.0030425417,0.0030425417,0.0030425417
0.22783037,0.22783037,0.22783037,0.22783037,0.22783037
0.58814913,0.58814913,0.58814913,0.58814913,0.58814913
0.00696833,0.00696833,0.00696833,0.00696833,0.00696833
0.21933468,0.21933468,0.21933468,0.21933468,0.21933468
0.013592674,0.013592674,0.013592674,0.013592674,0.013592674
0.17195517,0.17195517,0.17195517,0.17195517,0.17195517
0.49087936,0.49087936,0.49087936,0.49087936,0.49087936
0.0059393034,0.0059393034,0.0059393034,0.0059393034,0.0059393034
0.2553299,0.2553299,0.2553299,0.2553299,0.2553299
0.0043625915,0.0043625915,0.0043625915,0.0043625915,0.0043625915
0.24348886,0.24348886,0.24348886,0.24348886,0.24348886
0.4923074,0.4923074,0.4923074,0.4923074,0.4923074
0.0045378613,0.0045378613,0.0045378613,0.0045378613,0.0045378613
0.19913062,0.19913062,0.19913062,0.19913062,0.19913062
0.004761329,0.004761329,0.004761329,0.004761329,0.004761329
0.29926276,0.29926276,0.29926276,0.29926276,0.29926276
0.5489929,0.5489929,0.5489929,0.5489929,0.5489929
0.004765281,0.004765281,0.004765281,0.004765281,0.004765281
0.2726324,0.2726324,0.2726324,0.2726324,0.2726324
0.0049890685,0.0049890685,0.0049890685,0.0049890685,0.0049890685
0.16862051,0.16862051,0.16862051,0.16862051,0.16862051
0.55382675,0.55382675,0.55382675,0.55382675,0.55382675
0.0047125644,0.0047125644,0.0047125644,0.0047125644,0.0047125644
0.22820705,0.22820705,0.22820705,0.22820705,0.22820705
0.0065209675,0.0065209675,0.0065209675,0.0065209675,0.0065209675
0.20673269,0.20673269,0.20673269,0.20673269,0.20673269
0.58073634,0.58073634,0.58073634,0.58073634,0.58073634
0.004876546,0.004876546,0.004876546,0.004876546,0.004876546
0.22621705,0.22621705,0.22621705,0.22621705,0.22621705
0.0056361877,0.0056361877,0.0056361877,0.0056361877,0.0056361877
0.18253395,0.18253395,0.18253395,0.18253395,0.18253395
0.5409778,0.5409778,0.5409778,0.5409778,0.5409778
0.0061998395,0.0061998395,0.0061998395,0.0061998395,0.0061998395
0.25944832,0.25944832,0.25944832,0.25944832,0.25944832
0.0032944418,0.0032944418,0.0032944418,0.0032944418,0.0032944418
0.19007961,0.19007961,0.19007961,0.19007961,0.19007961
0.5253117,0.5253117,0.5253117,0.5253117,0.5253117
0.003869835,0.003869835,0.003869835,0.003869835,0.003869835
0.26066995,0.26066995,0.26066995,0.26066995,0.26066995
0.003962142,0.003962142,0.003962142,0.003962142,0.003962142
0.20618635,0.20618635,0.20618635,0.20618635,0.20618635
0.49558175,0.49558175,0.49558175,0.49558175,0.49558175
0.003517124,0.003517124,0.003517124,0.003517124,0.003517124
0.2504113,0.2504113,0.2504113,0.2504113,0.2504113
0.002723396,0.002723396,0.002723396,0.002723396,0.002723396
0.24776642,0.24776642,0.24776642,0.24776642,0.24776642
0.5377625,0.5377625,0.5377625,0.5377625,0.5377625
0.0038748395,0.0038748395,0.0038748395,0.0038748395,0.0038748395
0.26082343,0.26082343,0.26082343,0.26082343,0.26082343
0.0033965907,0.0033965907,0.0033965907,0.0033965907,0.0033965907
0.19414261,0.19414261,0.19414261,0.19414261,0.19414261
0.5279024,0.5279024,0.5279024,0.5279024,0.5279024
0.0041165533,0.0041165533,0.0041165533,0.0041165533,0.0041165533
0.26007172,0.26007172,0.26007172,0.26007172,0.26007172
0.0038577917,0.0038577917,0.0038577917,0.0038577917,0.0038577917
0.20405146,0.20405146,0.20405146,0.20405146,0.20405146
0.5281112,0.5281112,0.5281112,0.5281112,0.5281112
0.0034029621,0.0034029621,0.0034029621,0.0034029621,0.0034029621
0.26699522,0.26699522,0.26699522,0.26699522,0.26699522
0.0028861596,0.0028861596,0.0028861596,0.0028861596,0.0028861596
0.19860445,0.19860445,0.19860445,0.19860445,0.19860445
0.5523073,0.5523073,0.5523073,0.5523073,0.5523073
0.004037758,0.004037758,0.004037758,0.004037758,0.004037758
0.23619288,0.23619288,0.23619288,0.23619288,0.23619288
0.003228759,0.003228759,0.003228759,0.003228759,0.003228759
0.2042333,0.2042333,0.2042333,0.2042333,0.2042333
0.5523073,0.5523073,0.5523073,0.5523073,0.5523073
0.004037758,0.004037758,0.004037758,0.004037758,0.004037758
0.23619288,0.23619288,0.23619288,0.23619288,0.23619288
0.003228759,0.003228759,0.003228759,0.003228759,0.003228759
0.2042333,0.2042333,0.2042333,0.2042333,0.2042333
0.5497248,0.5497248,0.5497248,0.5497248,0.5497248
0.0057273437,0.0057273437,0.0057273437,0.0057273437,0.0057273437
0.25685436,0.25685436,0.25685436,0.25685436,0.25685436
0.0023794752,0.0023794752,0.0023794752,0.0023794752,0.0023794752
0.18531407,0.18531407,0.18531407,0.18531407,0.18531407
0.5541903,0.5541903,0.5541903,0.5541903,0.5541903
0.0049472973,0.0049472973,0.0049472973,0.0049472973,0.0049472973
0.25489327,0.25489327,0.25489327,0.25489327,0.25489327
0.002720264,0.002720264,0.002720264,0.002720264,0.002720264
0.18324889,0.18324889,0.18324889,0.18324889,0.18324889
0.5040451,0.5040451,0.5040451,0.5040451,0.5040451
0.006439722,0.006439722,0.006439722,0.006439722,0.006439722
0.24685468,0.24685468,0.24685468,0.24685468,0.24685468
0.0025271957,0.0025271957,0.0025271957,0.0025271957,0.0025271957
0.2401333,0.2401333,0.2401333,0.2401333,0.2401333
0.4852257,0.4852257,0.4852257,0.4852257,0.4852257
0.0056949714,0.0056949714,0.0056949714,0.0056949714,0.0056949714
0.2902991,0.2902991,0.2902991,0.2902991,0.2902991
0.004186778,0.004186778,0.004186778,0.004186778,0.004186778
0.21459348,0.21459348,0.21459348,0.21459348,0.21459348
0.5176922,0.5176922,0.5176922,0.5176922,0.5176922
0.009454277,0.009454277,0.009454277,0.009454277,0.009454277
0.26702228,0.26702228,0.26702228,0.26702228,0.26702228
0.0033702664,0.0033702664,0.0033702664,0.0033702664,0.0033702664
0.20246102,0.20246102,0.20246102,0.20246102,0.20246102
0.5285067,0.5285067,0.5285067,0.5285067,0.5285067
0.009721953,0.009721953,0.009721953,0.009721953,0.009721953
0.23873268,0.23873268,0.23873268,0.23873268,0.23873268
0.0026619413,0.0026619413,0.0026619413,0.0026619413,0.0026619413
0.22037666,0.22037666,0.22037666,0.22037666,0.22037666
0.5285067,0.5285067,0.5285067,0.5285067,0.5285067
0.009721953,0.009721953,0.009721953,0.009721953,0.009721953
0.23873268,0.23873268,0.23873268,0.23873268,0.23873268
0.0026619413,0.0026619413,0.0026619413,0.0026619413,0.0026619413
0.22037666,0.22037666,0.22037666,0.22037666,0.22037666
0.538702,0.538702,0.538702,0.538702,0.538702
0.011582346,0.011582346,0.011582346,0.011582346,0.011582346
0.20015104,0.20015104,0.20015104,0.20015104,0.20015104
0.0033478795,0.0033478795,0.0033478795,0.0033478795,0.0033478795
0.24621673,0.24621673,0.24621673,0.24621673,0.24621673
0.45489714,0.45489714,0.45489714,0.45489714,0.45489714
0.009422596,0.009422596,0.009422596,0.009422596,0.009422596
0.25432643,0.25432643,0.25432643,0.25432643,0.25432643
0.0025000593,0.0025000593,0.0025000593,0.0025000593,0.0025000593
0.27885377,0.27885377,0.27885377,0.27885377,0.27885377
0.45215937,0.45215937,0.45215937,0.45215937,0.45215937
0.012045995,0.012045995,0.012045995,0.012045995,0.012045995
0.23616497,0.23616497,0.23616497,0.23616497,0.23616497
0.0020231826,0.0020231826,0.0020231826,0.0020231826,0.0020231826
0.29760644,0.29760644,0.29760644,0.29760644,0.29760644
0.51449233,0.51449233,0.51449233,0.51449233,0.51449233
0.0512018,0.0512018,0.0512018,0.0512018,0.0512018
0.22951557,0.22951557,0.22951557,0.22951557,0.22951557
0.004087352,0.004087352,0.004087352,0.004087352,0.004087352
0.20070295,0.20070295,0.20070295,0.20070295,0.20070295
0.5097937,0.5097937,0.5097937,0.5097937,0.5097937
0.03600196,0.03600196,0.03600196,0.03600196,0.03600196
0.15013711,0.15013711,0.15013711,0.15013711,0.15013711
0.0035695757,0.0035695757,0.0035695757,0.0035695757,0.0035695757
0.30049774,0.30049774,0.30049774,0.30049774,0.30049774
0.46035504,0.46035504,0.46035504,0.46035504,0.46035504
0.013593717,0.013593717,0.013593717,0.013593717,0.013593717
0.17900047,0.17900047,0.17900047,0.17900047,0.17900047
0.0039737155,0.0039737155,0.0039737155,0.0039737155,0.0039737155
0.34307712,0.34307712,0.34307712,0.34307712,0.34307712
0.41790235,0.41790235,0.41790235,0.41790235,0.41790235
0.0091799665,0.0091799665,0.0091799665,0.0091799665,0.0091799665
0.23423389,0.23423389,0.23423389,0.23423389,0.23423389
0.0016670919,0.0016670919,0.0016670919,0.0016670919,0.0016670919
0.33701676,0.33701676,0.33701676,0.33701676,0.33701676
0.41790235,0.41790235,0.41790235,0.41790235,0.41790235
0.0091799665,0.0091799665,0.0091799665,0.0091799665,0.0091799665
0.23423389,0.23423389,0.23423389,0.23423389,0.23423389
0.0016670919,0.0016670919,0.0016670919,0.0016670919,0.0016670919
0.33701676,0.33701676,0.33701676,0.33701676,0.33701676
0.455978,0.455978,0.455978,0.455978,0.455978
0.006357799,0.006357799,0.006357799,0.006357799,0.006357799
0.20478263,0.20478263,0.20478263,0.20478263,0.20478263
0.0024051405,0.0024051405,0.0024051405,0.0024051405,0.0024051405
0.33047643,0.33047643,0.33047643,0.33047643,0.33047643
0.46718445,0.46718445,0.46718445,0.46718445,0.46718445
0.007825684,0.007825684,0.007825684,0.007825684,0.007825684
0.18531181,0.18531181,0.18531181,0.18531181,0.18531181
0.001960329,0.001960329,0.001960329,0.001960329,0.001960329
0.33771777,0.33771777,0.33771777,0.33771777,0.33771777
0.4682645,0.4682645,0.4682645,0.4682645,0.4682645
0.0077254246,0.0077254246,0.0077254246,0.0077254246,0.0077254246
0.24434082,0.24434082,0.24434082,0.24434082,0.24434082
0.0036940586,0.0036940586,0.0036940586,0.0036940586,0.0036940586
0.2759752,0.2759752,0.2759752,0.2759752,0.2759752
0.44091156,0.44091156,0.44091156,0.44091156,0.44091156
0.0064228526,0.0064228526,0.0064228526,0.0064228526,0.0064228526
0.2538697,0.2538697,0.2538697,0.2538697,0.2538697
0.003603275,0.003603275,0.003603275,0.003603275,0.003603275
0.29519257,0.29519257,0.29519257,0.29519257,0.29519257
0.52564955,0.52564955,0.52564955,0.52564955,0.52564955
0.03754654,0.03754654,0.03754654,0.03754654,0.03754654
0.20758267,0.20758267,0.20758267,0.20758267,0.20758267
0.008271482,0.008271482,0.008271482,0.008271482,0.008271482
0.22094968,0.22094968,0.22094968,0.22094968,0.22094968
0.21016857,0.21016857,0.21016857,0.21016857,0.21016857
0.012208556,0.012208556,0.012208556,0.012208556,0.012208556
0.13216946,0.13216946,0.13216946,0.13216946,0.13216946
0.002637888,0.002637888,0.002637888,0.002637888,0.002637888
0.64281553,0.64281553,0.64281553,0.64281553,0.64281553
0.21952935,0.21952935,0.21952935,0.21952935,0.21952935
0.012282666,0.012282666,0.012282666,0.012282666,0.012282666
0.18811467,0.18811467,0.18811467,0.18811467,0.18811467
0.002766028,0.002766028,0.002766028,0.002766028,0.002766028
0.57730734,0.57730734,0.57730734,0.57730734,0.57730734
0.19426659,0.19426659,0.19426659,0.19426659,0.19426659
0.009022252,0.009022252,0.009022252,0.009022252,0.009022252
0.24262041,0.24262041,0.24262041,0.24262041,0.24262041
0.001353634,0.001353634,0.001353634,0.001353634,0.001353634
0.5527372,0.5527372,0.5527372,0.5527372,0.5527372
0.16828175,0.16828175,0.16828175,0.16828175,0.16828175
0.008887031,0.008887031,0.008887031,0.008887031,0.008887031
0.22444613,0.22444613,0.22444613,0.22444613,0.22444613
0.0018111535,0.0018111535,0.0018111535,0.0018111535,0.0018111535
0.59657395,0.59657395,0.59657395,0.59657395,0.59657395
0.2162947,0.2162947,0.2162947,0.2162947,0.2162947
0.0111757545,0.0111757545,0.0111757545,0.0111757545,0.0111757545
0.28904462,0.28904462,0.28904462,0.28904462,0.28904462
0.0038080867,0.0038080867,0.0038080867,0.0038080867,0.0038080867
0.47967684,0.47967684,0.47967684,0.47967684,0.47967684
0.23401925,0.23401925,0.23401925,0.23401925,0.23401925
0.018206106,0.018206106,0.018206106,0.018206106,0.018206106
0.2664675,0.2664675,0.2664675,0.2664675,0.2664675
0.0032475987,0.0032475987,0.0032475987,0.0032475987,0.0032475987
0.47805953,0.47805953,0.47805953,0.47805953,0.47805953
0.3249553,0.3249553,0.3249553,0.3249553,0.3249553
0.026825741,0.026825741,0.026825741,0.026825741,0.026825741
0.33548203,0.33548203,0.33548203,0.33548203,0.33548203
0.003024518,0.003024518,0.003024518,0.003024518,0.003024518
0.30971238,0.30971238,0.30971238,0.30971238,0.30971238
0.28365618,0.28365618,0.28365618,0.28365618,0.28365618
0.026419146,0.026419146,0.026419146,0.026419146,0.026419146
0.34661967,0.34661967,0.34661967,0.34661967,0.34661967
0.0015086373,0.0015086373,0.0015086373,0.0015086373,0.0015086373
0.34179634,0.34179634,0.34179634,0.34179634,0.34179634
0.30188477,0.30188477,0.30188477,0.30188477,0.30188477
0.007430298,0.007430298,0.007430298,0.007430298,0.007430298
0.32651752,0.32651752,0.32651752,0.32651752,0.32651752
0.00309697,0.00309697,0.00309697,0.00309697,0.00309697
0.36107045,0.36107045,0.36107045,0.36107045,0.36107045
0.37020472,0.37020472,0.37020472,0.37020472,0.37020472
0.017132327,0.017132327,0.017132327,0.017132327,0.017132327
0.28289944,0.28289944,0.28289944,0.28289944,0.28289944
0.0035749013,0.0035749013,0.0035749013,0.0035749013,0.0035749013
0.32618868,0.32618868,0.32618868,0.32618868,0.32618868
0.41143385,0.41143385,0.41143385,0.41143385,0.41143385
0.017085582,0.017085582,0.017085582,0.017085582,0.017085582
0.26310208,0.26310208,0.26310208,0.26310208,0.26310208
0.0033333944,0.0033333944,0.0033333944,0.0033333944,0.0033333944
0.30504513,0.30504513,0.30504513,0.30504513,0.30504513
0.49374425,0.49374425,0.49374425,0.49374425,0.49374425
0.014748663,0.014748663,0.014748663,0.014748663,0.014748663
0.24321683,0.24321683,0.24321683,0.24321683,0.24321683
0.005387389,0.005387389,0.005387389,0.005387389,0.005387389
0.24290286,0.24290286,0.24290286,0.24290286,0.24290286
0.2923475,0.2923475,0.2923475,0.2923475,0.2923475
0.0031314336,0.0031314336,0.0031314336,0.0031314336,0.0031314336
0.2422509,0.2422509,0.2422509,0.2422509,0.2422509
0.0022431666,0.0022431666,0.0022431666,0.0022431666,0.0022431666
0.460027,0.460027,0.460027,0.460027,0.460027
0.32538489,0.32538489,0.32538489,0.32538489,0.32538489
0.004124797,0.004124797,0.004124797,0.004124797,0.004124797
0.27183193,0.27183193,0.27183193,0.27183193,0.27183193
0.0025476085,0.0025476085,0.0025476085,0.0025476085,0.0025476085
0.39611077,0.39611077,0.39611077,0.39611077,0.39611077
0.29759818,0.29759818,0.29759818,0.29759818,0.29759818
0.0033435747,0.0033435747,0.0033435747,0.0033435747,0.0033435747
0.26874182,0.26874182,0.26874182,0.26874182,0.26874182
0.0016131783,0.0016131783,0.0016131783,0.0016131783,0.0016131783
0.42870325,0.42870325,0.42870325,0.42870325,0.42870325
0.25054693,0.25054693,0.25054693,0.25054693,0.25054693
0.0018580413,0.0018580413,0.0018580413,0.0018580413,0.0018580413
0.21426104,0.21426104,0.21426104,0.21426104,0.21426104
0.00087028014,0.00087028014,0.00087028014,0.00087028014,0.00087028014
0.5324637,0.5324637,0.5324637,0.5324637,0.5324637
0.23676908,0.23676908,0.23676908,0.23676908,0.23676908
0.0012962843,0.0012962843,0.0012962843,0.0012962843,0.0012962843
0.20678031,0.20678031,0.20678031,0.20678031,0.20678031
0.0008694156,0.0008694156,0.0008694156,0.0008694156,0.0008694156
0.554285,0.554285,0.554285,0.554285,0.554285
0.40157127,0.40157127,0.40157127,0.40157127,0.40157127
0.00363334,0.00363334,0.00363334,0.00363334,0.00363334
0.2034342,0.2034342,0.2034342,0.2034342,0.2034342
0.002777217,0.002777217,0.002777217,0.002777217,0.002777217
0.38858387,0.38858387,0.38858387,0.38858387,0.38858387
0.3740536,0.3740536,0.3740536,0.3740536,0.3740536
0.0042397245,0.0042397245,0.0042397245,0.0042397245,0.0042397245
0.242621,0.242621,0.242621,0.242621,0.242621
0.0016488063,0.0016488063,0.0016488063,0.0016488063,0.0016488063
0.37743682,0.37743682,0.37743682,0.37743682,0.37743682
0.2756239,0.2756239,0.2756239,0.2756239,0.2756239
0.0041493867,0.0041493867,0.0041493867,0.0041493867,0.0041493867
0.2191397,0.2191397,0.2191397,0.2191397,0.2191397
0.0011697328,0.0011697328,0.0011697328,0.0011697328,0.0011697328
0.49991727,0.49991727,0.49991727,0.49991727,0.49991727
0.37527633,0.37527633,0.37527633,0.37527633,0.37527633
0.0055615027,0.0055615027,0.0055615027,0.0055615027,0.0055615027
0.23917423,0.23917423,0.23917423,0.23917423,0.23917423
0.0018044711,0.0018044711,0.0018044711,0.0018044711,0.0018044711
0.37818345,0.37818345,0.37818345,0.37818345,0.37818345
0.33416432,0.33416432,0.33416432,0.33416432,0.33416432
0.0058538476,0.0058538476,0.0058538476,0.0058538476,0.0058538476
0.22068262,0.22068262,0.22068262,0.22068262,0.22068262
0.0026654433,0.0026654433,0.0026654433,0.0026654433,0.0026654433
0.43663377,0.43663377,0.43663377,0.43663377,0.43663377
0.4412253,0.4412253,0.4412253,0.4412253,0.4412253
0.013460108,0.013460108,0.013460108,0.013460108,0.013460108
0.27365285,0.27365285,0.27365285,0.27365285,0.27365285
0.0050125374,0.0050125374,0.0050125374,0.0050125374,0.0050125374
0.26664916,0.26664916,0.26664916,0.26664916,0.26664916
0.447117,0.447117,0.447117,0.447117,0.447117
0.009588654,0.009588654,0.009588654,0.009588654,0.009588654
0.20406416,0.20406416,0.20406416,0.20406416,0.20406416
0.0032926172,0.0032926172,0.0032926172,0.0032926172,0.0032926172
0.3359376,0.3359376,0.3359376,0.3359376,0.3359376
0.38901803,0.38901803,0.38901803,0.38901803,0.38901803
0.005824486,0.005824486,0.005824486,0.005824486,0.005824486
0.19838256,0.19838256,0.19838256,0.19838256,0.19838256
0.0019459672,0.0019459672,0.0019459672,0.0019459672,0.0019459672
0.404829,0.404829,0.404829,0.404829,0.404829
0.3657319,0.3657319,0.3657319,0.3657319,0.3657319
0.005348139,0.005348139,0.005348139,0.005348139,0.005348139
0.17113735,0.17113735,0.17113735,0.17113735,0.17113735
0.0017686076,0.0017686076,0.0017686076,0.0017686076,0.0017686076
0.45601404,0.45601404,0.45601404,0.45601404,0.45601404
0.44849205,0.44849205,0.44849205,0.44849205,0.44849205
0.006677982,0.006677982,0.006677982,0.006677982,0.006677982
0.18962768,0.18962768,0.18962768,0.18962768,0.18962768
0.001287019,0.001287019,0.001287019,0.001287019,0.001287019
0.35391524,0.35391524,0.35391524,0.35391524,0.35391524
0.46173126,0.46173126,0.46173126,0.46173126,0.46173126
0.0044361823,0.0044361823,0.0044361823,0.0044361823,0.0044361823
0.24602696,0.24602696,0.24602696,0.24602696,0.24602696
0.0012500095,0.0012500095,0.0012500095,0.0012500095,0.0012500095
0.28655553,0.28655553,0.28655553,0.28655553,0.28655553
0.31476733,0.31476733,0.31476733,0.31476733,0.31476733
0.004155194,0.004155194,0.004155194,0.004155194,0.004155194
0.19731739,0.19731739,0.19731739,0.19731739,0.19731739
0.00073325454,0.00073325454,0.00073325454,0.00073325454,0.00073325454
0.48302677,0.48302677,0.48302677,0.48302677,0.48302677
0.40528223,0.40528223,0.40528223,0.40528223,0.40528223
0.008976218,0.008976218,0.008976218,0.008976218,0.008976218
0.26894328,0.26894328,0.26894328,0.26894328,0.26894328
0.00082769745,0.00082769745,0.00082769745,0.00082769745,0.00082769745
0.3159705,0.3159705,0.3159705,0.3159705,0.3159705
0.38802448,0.38802448,0.38802448,0.38802448,0.38802448
0.0067004752,0.0067004752,0.0067004752,0.0067004752,0.0067004752
0.2907709,0.2907709,0.2907709,0.2907709,0.2907709
0.0012690785,0.0012690785,0.0012690785,0.0012690785,0.0012690785
0.31323504,0.31323504,0.31323504,0.31323504,0.31323504
0.3923751,0.3923751,0.3923751,0.3923751,0.3923751
0.003729942,0.003729942,0.003729942,0.003729942,0.003729942
0.33325595,0.33325595,0.33325595,0.33325595,0.33325595
0.0017307827,0.0017307827,0.0017307827,0.0017307827,0.0017307827
0.26890814,0.26890814,0.26890814,0.26890814,0.26890814
0.46940443,0.46940443,0.46940443,0.46940443,0.46940443
0.0051399227,0.0051399227,0.0051399227,0.0051399227,0.0051399227
0.25861815,0.25861815,0.25861815,0.25861815,0.25861815
0.002016825,0.002016825,0.002016825,0.002016825,0.002016825
0.2648207,0.2648207,0.2648207,0.2648207,0.2648207
0.3579381,0.3579381,0.3579381,0.3579381,0.3579381
0.0035608497,0.0035608497,0.0035608497,0.0035608497,0.0035608497
0.23942672,0.23942672,0.23942672,0.23942672,0.23942672
0.002278479,0.002278479,0.002278479,0.002278479,0.002278479
0.3967959,0.3967959,0.3967959,0.3967959,0.3967959
0.20990366,0.20990366,0.20990366,0.20990366,0.20990366
0.0034903286,0.0034903286,0.0034903286,0.0034903286,0.0034903286
0.14379449,0.14379449,0.14379449,0.14379449,0.14379449
0.0012624803,0.0012624803,0.0012624803,0.0012624803,0.0012624803
0.64154893,0.64154893,0.64154893,0.64154893,0.64154893
0.2939266,0.2939266,0.2939266,0.2939266,0.2939266
0.0046946537,0.0046946537,0.0046946537,0.0046946537,0.0046946537
0.14684896,0.14684896,0.14684896,0.14684896,0.14684896
0.0024184175,0.0024184175,0.0024184175,0.0024184175,0.0024184175
0.5521114,0.5521114,0.5521114,0.5521114,0.5521114
0.35903946,0.35903946,0.35903946,0.35903946,0.35903946
0.0076187234,0.0076187234,0.0076187234,0.0076187234,0.0076187234
0.12463955,0.12463955,0.12463955,0.12463955,0.12463955
0.0017341976,0.0017341976,0.0017341976,0.0017341976,0.0017341976
0.5069681,0.5069681,0.5069681,0.5069681,0.5069681
0.3277334,0.3277334,0.3277334,0.3277334,0.3277334
0.0066451468,0.0066451468,0.0066451468,0.0066451468,0.0066451468
0.12552878,0.12552878,0.12552878,0.12552878,0.12552878
0.0019222172,0.0019222172,0.0019222172,0.0019222172,0.0019222172
0.53817046,0.53817046,0.53817046,0.53817046,0.53817046
0.32475328,0.32475328,0.32475328,0.32475328,0.32475328
0.0049495674,0.0049495674,0.0049495674,0.0049495674,0.0049495674
0.095626004,0.095626004,0.095626004,0.095626004,0.095626004
0.0025472757,0.0025472757,0.0025472757,0.0025472757,0.0025472757
0.5721239,0.5721239,0.5721239,0.5721239,0.5721239
0.27370492,0.27370492,0.27370492,0.27370492,0.27370492
0.003423478,0.003423478,0.003423478,0.003423478,0.003423478
0.10340557,0.10340557,0.10340557,0.10340557,0.10340557
0.0027590021,0.0027590021,0.0027590021,0.0027590021,0.0027590021
0.616707,0.616707,0.616707,0.616707,0.616707
0.28561133,0.28561133,0.28561133,0.28561133,0.28561133
0.0034953263,0.0034953263,0.0034953263,0.0034953263,0.0034953263
0.11615136,0.11615136,0.11615136,0.11615136,0.11615136
0.0028231794,0.0028231794,0.0028231794,0.0028231794,0.0028231794
0.59191877,0.59191877,0.59191877,0.59191877,0.59191877
0.47451246,0.47451246,0.47451246,0.47451246,0.47451246
0.0064781746,0.0064781746,0.0064781746,0.0064781746,0.0064781746
0.10559264,0.10559264,0.10559264,0.10559264,0.10559264
0.0045907144,0.0045907144,0.0045907144,0.0045907144,0.0045907144
0.40882602,0.40882602,0.40882602,0.40882602,0.40882602
0.50513256,0.50513256,0.50513256,0.50513256,0.50513256
0.008474801,0.008474801,0.008474801,0.008474801,0.008474801
0.0924529,0.0924529,0.0924529,0.0924529,0.0924529
0.005683053,0.005683053,0.005683053,0.005683053,0.005683053
0.3882566,0.3882566,0.3882566,0.3882566,0.3882566
0.52822125,0.52822125,0.52822125,0.52822125,0.52822125
0.0079108,0.0079108,0.0079108,0.0079108,0.0079108
0.11505434,0.11505434,0.11505434,0.11505434,0.11505434
0.0059038657,0.0059038657,0.0059038657,0.0059038657,0.0059038657
0.34290978,0.34290978,0.34290978,0.34290978,0.34290978
0.4037453,0.4037453,0.4037453,0.4037453,0.4037453
0.0056105237,0.0056105237,0.0056105237,0.0056105237,0.0056105237
0.11404492,0.11404492,0.11404492,0.11404492,0.11404492
0.004618287,0.004618287,0.004618287,0.004618287,0.004618287
0.47198105,0.47198105,0.47198105,0.47198105,0.47198105
0.35176417,0.35176417,0.35176417,0.35176417,0.35176417
0.0041915854,0.0041915854,0.0041915854,0.0041915854,0.0041915854
0.0945575,0.0945575,0.0945575,0.0945575,0.0945575
0.0030054988,0.0030054988,0.0030054988,0.0030054988,0.0030054988
0.5464812,0.5464812,0.5464812,0.5464812,0.5464812
0.35601515,0.35601515,0.35601515,0.35601515,0.35601515
0.004956177,0.004956177,0.004956177,0.004956177,0.004956177
0.09059156,0.09059156,0.09059156,0.09059156,0.09059156
0.002804562,0.002804562,0.002804562,0.002804562,0.002804562
0.5456326,0.5456326,0.5456326,0.5456326,0.5456326
0.44518209,0.44518209,0.44518209,0.44518209,0.44518209
0.005694405,0.005694405,0.005694405,0.005694405,0.005694405
0.08129712,0.08129712,0.08129712,0.08129712,0.08129712
0.0057503767,0.0057503767,0.0057503767,0.0057503767,0.0057503767
0.4620761,0.4620761,0.4620761,0.4620761,0.4620761
0.45146427,0.45146427,0.45146427,0.45146427,0.45146427
0.007072114,0.007072114,0.007072114,0.007072114,0.007072114
0.09397521,0.09397521,0.09397521,0.09397521,0.09397521
0.00553832,0.00553832,0.00553832,0.00553832,0.00553832
0.44194993,0.44194993,0.44194993,0.44194993,0.44194993
0.4858427,0.4858427,0.4858427,0.4858427,0.4858427
0.006597602,0.006597602,0.006597602,0.006597602,0.006597602
0.11687378,0.11687378,0.11687378,0.11687378,0.11687378
0.0054065343,0.0054065343,0.0054065343,0.0054065343,0.0054065343
0.38527942,0.38527942,0.38527942,0.38527942,0.38527942
0.4543569,0.4543569,0.4543569,0.4543569,0.4543569
0.0064737573,0.0064737573,0.0064737573,0.0064737573,0.0064737573
0.08953862,0.08953862,0.08953862,0.08953862,0.08953862
0.0038153047,0.0038153047,0.0038153047,0.0038153047,0.0038153047
0.44581547,0.44581547,0.44581547,0.44581547,0.44581547
0.34555325,0.34555325,0.34555325,0.34555325,0.34555325
0.0042091124,0.0042091124,0.0042091124,0.0042091124,0.0042091124
0.09483816,0.09483816,0.09483816,0.09483816,0.09483816
0.003996868,0.003996868,0.003996868,0.003996868,0.003996868
0.5514027,0.5514027,0.5514027,0.5514027,0.5514027
0.3815418,0.3815418,0.3815418,0.3815418,0.3815418
0.0055133477,0.0055133477,0.0055133477,0.0055133477,0.0055133477
0.08592673,0.08592673,0.08592673,0.08592673,0.08592673
0.0028489141,0.0028489141,0.0028489141,0.0028489141,0.0028489141
0.5241692,0.5241692,0.5241692,0.5241692,0.5241692
0.21181032,0.21181032,0.21181032,0.21181032,0.21181032
0.002453217,0.002453217,0.002453217,0.002453217,0.002453217
0.1868253,0.1868253,0.1868253,0.1868253,0.1868253
0.00050296553,0.00050296553,0.00050296553,0.00050296553,0.00050296553
0.5984082,0.5984082,0.5984082,0.5984082,0.5984082
0.31618845,0.31618845,0.31618845,0.31618845,0.31618845
0.0041162544,0.0041162544,0.0041162544,0.0041162544,0.0041162544
0.21485497,0.21485497,0.21485497,0.21485497,0.21485497
0.0005829642,0.0005829642,0.0005829642,0.0005829642,0.0005829642
0.46425733,0.46425733,0.46425733,0.46425733,0.46425733
0.25437522,0.25437522,0.25437522,0.25437522,0.25437522
0.0029069092,0.0029069092,0.0029069092,0.0029069092,0.0029069092
0.19410478,0.19410478,0.19410478,0.19410478,0.19410478
0.00036332587,0.00036332587,0.00036332587,0.00036332587,0.00036332587
0.5482498,0.5482498,0.5482498,0.5482498,0.5482498
0.15267153,0.15267153,0.15267153,0.15267153,0.15267153
0.0017557145,0.0017557145,0.0017557145,0.0017557145,0.0017557145
0.15185384,0.15185384,0.15185384,0.15185384,0.15185384
0.0002160569,0.0002160569,0.0002160569,0.0002160569,0.0002160569
0.69350284,0.69350284,0.69350284,0.69350284,0.69350284
0.21395887,0.21395887,0.21395887,0.21395887,0.21395887
0.0035507286,0.0035507286,0.0035507286,0.0035507286,0.0035507286
0.21539591,0.21539591,0.21539591,0.21539591,0.21539591
0.00029261055,0.00029261055,0.00029261055,0.00029261055,0.00029261055
0.56680185,0.56680185,0.56680185,0.56680185,0.56680185
0.30516133,0.30516133,0.30516133,0.30516133,0.30516133
0.0054498357,0.0054498357,0.0054498357,0.0054498357,0.0054498357
0.2832112,0.2832112,0.2832112,0.2832112,0.2832112
0.00049667264,0.00049667264,0.00049667264,0.00049667264,0.00049667264
0.4056809,0.4056809,0.4056809,0.4056809,0.4056809
0.3099955,0.3099955,0.3099955,0.3099955,0.3099955
0.007525363,0.007525363,0.007525363,0.007525363,0.007525363
0.29221594,0.29221594,0.29221594,0.29221594,0.29221594
0.00056487706,0.00056487706,0.00056487706,0.00056487706,0.00056487706
0.38969827,0.38969827,0.38969827,0.38969827,0.38969827
0.24788381,0.24788381,0.24788381,0.24788381,0.24788381
0.0071133575,0.0071133575,0.0071133575,0.0071133575,0.0071133575
0.21105802,0.21105802,0.21105802,0.21105802,0.21105802
0.000406792,0.000406792,0.000406792,0.000406792,0.000406792
0.53353804,0.53353804,0.53353804,0.53353804,0.53353804
0.3396533,0.3396533,0.3396533,0.3396533,0.3396533
0.008124989,0.008124989,0.008124989,0.008124989,0.008124989
0.28125638,0.28125638,0.28125638,0.28125638,0.28125638
0.0006431865,0.0006431865,0.0006431865,0.0006431865,0.0006431865
0.37032217,0.37032217,0.37032217,0.37032217,0.37032217
0.2996734,0.2996734,0.2996734,0.2996734,0.2996734
0.0053430097,0.0053430097,0.0053430097,0.0053430097,0.0053430097
0.25820294,0.25820294,0.25820294,0.25820294,0.25820294
0.0005875324,0.0005875324,0.0005875324,0.0005875324,0.0005875324
0.43619314,0.43619314,0.43619314,0.43619314,0.43619314
0.2709654,0.2709654,0.2709654,0.2709654,0.2709654
0.0051927655,0.0051927655,0.0051927655,0.0051927655,0.0051927655
0.21001418,0.21001418,0.21001418,0.21001418,0.21001418
0.0005361841,0.0005361841,0.0005361841,0.0005361841,0.0005361841
0.5132914,0.5132914,0.5132914,0.5132914,0.5132914
0.32233968,0.32233968,0.32233968,0.32233968,0.32233968
0.0059523033,0.0059523033,0.0059523033,0.0059523033,0.0059523033
0.24154726,0.24154726,0.24154726,0.24154726,0.24154726
0.0006011705,0.0006011705,0.0006011705,0.0006011705,0.0006011705
0.4295596,0.4295596,0.4295596,0.4295596,0.4295596
0.33895427,0.33895427,0.33895427,0.33895427,0.33895427
0.005988455,0.005988455,0.005988455,0.005988455,0.005988455
0.23587152,0.23587152,0.23587152,0.23587152,0.23587152
0.00065397227,0.00065397227,0.00065397227,0.00065397227,0.00065397227
0.41853172,0.41853172,0.41853172,0.41853172,0.41853172
0.21900208,0.21900208,0.21900208,0.21900208,0.21900208
0.0032570628,0.0032570628,0.0032570628,0.0032570628,0.0032570628
0.1966925,0.1966925,0.1966925,0.1966925,0.1966925
0.00039416229,0.00039416229,0.00039416229,0.00039416229,0.00039416229
0.58065414,0.58065414,0.58065414,0.58065414,0.58065414
0.268245,0.268245,0.268245,0.268245,0.268245
0.003845667,0.003845667,0.003845667,0.003845667,0.003845667
0.2357264,0.2357264,0.2357264,0.2357264,0.2357264
0.00046700306,0.00046700306,0.00046700306,0.00046700306,0.00046700306
0.49171588,0.49171588,0.49171588,0.49171588,0.49171588
0.33875135,0.33875135,0.33875135,0.33875135,0.33875135
0.009489997,0.009489997,0.009489997,0.009489997,0.009489997
0.22386523,0.22386523,0.22386523,0.22386523,0.22386523
0.0005675815,0.0005675815,0.0005675815,0.0005675815,0.0005675815
0.42732576,0.42732576,0.42732576,0.42732576,0.42732576
0.37190312,0.37190312,0.37190312,0.37190312,0.37190312
0.011501576,0.011501576,0.011501576,0.011501576,0.011501576
0.1993101,0.1993101,0.1993101,0.1993101,0.1993101
0.0005745484,0.0005745484,0.0005745484,0.0005745484,0.0005745484
0.4167107,0.4167107,0.4167107,0.4167107,0.4167107
0.38088208,0.38088208,0.38088208,0.38088208,0.38088208
0.011479778,0.011479778,0.011479778,0.011479778,0.011479778
0.20503324,0.20503324,0.20503324,0.20503324,0.20503324
0.0006034034,0.0006034034,0.0006034034,0.0006034034,0.0006034034
0.40200144,0.40200144,0.40200144,0.40200144,0.40200144
0.3923173,0.3923173,0.3923173,0.3923173,0.3923173
0.013982019,0.013982019,0.013982019,0.013982019,0.013982019
0.19737865,0.19737865,0.19737865,0.19737865,0.19737865
0.0007620137,0.0007620137,0.0007620137,0.0007620137,0.0007620137
0.39556003,0.39556003,0.39556003,0.39556003,0.39556003
0.42131028,0.42131028,0.42131028,0.42131028,0.42131028
0.017085921,0.017085921,0.017085921,0.017085921,0.017085921
0.23150776,0.23150776,0.23150776,0.23150776,0.23150776
0.0007564144,0.0007564144,0.0007564144,0.0007564144,0.0007564144
0.3293396,0.3293396,0.3293396,0.3293396,0.3293396
0.38587502,0.38587502,0.38587502,0.38587502,0.38587502
0.013601225,0.013601225,0.013601225,0.013601225,0.013601225
0.22656775,0.22656775,0.22656775,0.22656775,0.22656775
0.0005375227,0.0005375227,0.0005375227,0.0005375227,0.0005375227
0.37341848,0.37341848,0.37341848,0.37341848,0.37341848
0.38474905,0.38474905,0.38474905,0.38474905,0.38474905
0.008527739,0.008527739,0.008527739,0.008527739,0.008527739
0.22578037,0.22578037,0.22578037,0.22578037,0.22578037
0.00065809867,0.00065809867,0.00065809867,0.00065809867,0.00065809867
0.38028482,0.38028482,0.38028482,0.38028482,0.38028482
0.3559973,0.3559973,0.3559973,0.3559973,0.3559973
0.008050709,0.008050709,0.008050709,0.008050709,0.008050709
0.22053964,0.22053964,0.22053964,0.22053964,0.22053964
0.00062902045,0.00062902045,0.00062902045,0.00062902045,0.00062902045
0.4147833,0.4147833,0.4147833,0.4147833,0.4147833
0.3106446,0.3106446,0.3106446,0.3106446,0.3106446
0.0066895834,0.0066895834,0.0066895834,0.0066895834,0.0066895834
0.2546635,0.2546635,0.2546635,0.2546635,0.2546635
0.00047455094,0.00047455094,0.00047455094,0.00047455094,0.00047455094
0.42752787,0.42752787,0.42752787,0.42752787,0.42752787
0.35160106,0.35160106,0.35160106,0.35160106,0.35160106
0.006459889,0.006459889,0.006459889,0.006459889,0.006459889
0.26443624,0.26443624,0.26443624,0.26443624,0.26443624
0.00049415184,0.00049415184,0.00049415184,0.00049415184,0.00049415184
0.3770087,0.3770087,0.3770087,0.3770087,0.3770087
0.36377525,0.36377525,0.36377525,0.36377525,0.36377525
0.0073980438,0.0073980438,0.0073980438,0.0073980438,0.0073980438
0.23647532,0.23647532,0.23647532,0.23647532,0.23647532
0.00050662627,0.00050662627,0.00050662627,0.00050662627,0.00050662627
0.39184472,0.39184472,0.39184472,0.39184472,0.39184472
0.3039582,0.3039582,0.3039582,0.3039582,0.3039582
0.005855668,0.005855668,0.005855668,0.005855668,0.005855668
0.22936621,0.22936621,0.22936621,0.22936621,0.22936621
0.00044169277,0.00044169277,0.00044169277,0.00044169277,0.00044169277
0.46037823,0.46037823,0.46037823,0.46037823,0.46037823
0.19362202,0.19362202,0.19362202,0.19362202,0.19362202
0.0026535336,0.0026535336,0.0026535336,0.0026535336,0.0026535336
0.22724321,0.22724321,0.22724321,0.22724321,0.22724321
0.00030023934,0.00030023934,0.00030023934,0.00030023934,0.00030023934
0.57618093,0.57618093,0.57618093,0.57618093,0.57618093
0.31145817,0.31145817,0.31145817,0.31145817,0.31145817
0.0063267285,0.0063267285,0.0063267285,0.0063267285,0.0063267285
0.28324804,0.28324804,0.28324804,0.28324804,0.28324804
0.00053867814,0.00053867814,0.00053867814,0.00053867814,0.00053867814
0.3984284,0.3984284,0.3984284,0.3984284,0.3984284
0.27882642,0.27882642,0.27882642,0.27882642,0.27882642
0.004594693,0.004594693,0.004594693,0.004594693,0.004594693
0.30174956,0.30174956,0.30174956,0.30174956,0.30174956
0.0003947661,0.0003947661,0.0003947661,0.0003947661,0.0003947661
0.4144346,0.4144346,0.4144346,0.4144346,0.4144346
0.2728749,0.2728749,0.2728749,0.2728749,0.2728749
0.002915493,0.002915493,0.002915493,0.002915493,0.002915493
0.26697275,0.26697275,0.26697275,0.26697275,0.26697275
0.00038842444,0.00038842444,0.00038842444,0.00038842444,0.00038842444
0.45684844,0.45684844,0.45684844,0.45684844,0.45684844
0.35769346,0.35769346,0.35769346,0.35769346,0.35769346
0.0044132383,0.0044132383,0.0044132383,0.0044132383,0.0044132383
0.3180701,0.3180701,0.3180701,0.3180701,0.3180701
0.00073357223,0.00073357223,0.00073357223,0.00073357223,0.00073357223
0.3190896,0.3190896,0.3190896,0.3190896,0.3190896
0.22868225,0.22868225,0.22868225,0.22868225,0.22868225
0.0035702763,0.0035702763,0.0035702763,0.0035702763,0.0035702763
0.24156685,0.24156685,0.24156685,0.24156685,0.24156685
0.00046375082,0.00046375082,0.00046375082,0.00046375082,0.00046375082
0.5257169,0.5257169,0.5257169,0.5257169,0.5257169
0.32437477,0.32437477,0.32437477,0.32437477,0.32437477
0.004741873,0.004741873,0.004741873,0.004741873,0.004741873
0.3150341,0.3150341,0.3150341,0.3150341,0.3150341
0.00057197554,0.00057197554,0.00057197554,0.00057197554,0.00057197554
0.35527733,0.35527733,0.35527733,0.35527733,0.35527733
0.36565724,0.36565724,0.36565724,0.36565724,0.36565724
0.003066357,0.003066357,0.003066357,0.003066357,0.003066357
0.35045788,0.35045788,0.35045788,0.35045788,0.35045788
0.0011906406,0.0011906406,0.0011906406,0.0011906406,0.0011906406
0.2796279,0.2796279,0.2796279,0.2796279,0.2796279
0.35019508,0.35019508,0.35019508,0.35019508,0.35019508
0.0029083844,0.0029083844,0.0029083844,0.0029083844,0.0029083844
0.3052238,0.3052238,0.3052238,0.3052238,0.3052238
0.0015113702,0.0015113702,0.0015113702,0.0015113702,0.0015113702
0.34016132,0.34016132,0.34016132,0.34016132,0.34016132
0.4133186,0.4133186,0.4133186,0.4133186,0.4133186
0.003550568,0.003550568,0.003550568,0.003550568,0.003550568
0.37351167,0.37351167,0.37351167,0.37351167,0.37351167
0.0018403975,0.0018403975,0.0018403975,0.0018403975,0.0018403975
0.20777869,0.20777869,0.20777869,0.20777869,0.20777869
0.3602932,0.3602932,0.3602932,0.3602932,0.3602932
0.0029940081,0.0029940081,0.0029940081,0.0029940081,0.0029940081
0.3421532,0.3421532,0.3421532,0.3421532,0.3421532
0.0019017642,0.0019017642,0.0019017642,0.0019017642,0.0019017642
0.29265788,0.29265788,0.29265788,0.29265788,0.29265788
0.43339783,0.43339783,0.43339783,0.43339783,0.43339783
0.0035321084,0.0035321084,0.0035321084,0.0035321084,0.0035321084
0.34129235,0.34129235,0.34129235,0.34129235,0.34129235
0.001498662,0.001498662,0.001498662,0.001498662,0.001498662
0.2202791,0.2202791,0.2202791,0.2202791,0.2202791
0.37410066,0.37410066,0.37410066,0.37410066,0.37410066
0.0029137835,0.0029137835,0.0029137835,0.0029137835,0.0029137835
0.36629802,0.36629802,0.36629802,0.36629802,0.36629802
0.0012959308,0.0012959308,0.0012959308,0.0012959308,0.0012959308
0.25539163,0.25539163,0.25539163,0.25539163,0.25539163
0.41139552,0.41139552,0.41139552,0.41139552,0.41139552
0.003933776,0.003933776,0.003933776,0.003933776,0.003933776
0.37095347,0.37095347,0.37095347,0.37095347,0.37095347
0.0014534493,0.0014534493,0.0014534493,0.0014534493,0.0014534493
0.21226384,0.21226384,0.21226384,0.21226384,0.21226384
0.4377038,0.4377038,0.4377038,0.4377038,0.4377038
0.006693282,0.006693282,0.006693282,0.006693282,0.006693282
0.3382913,0.3382913,0.3382913,0.3382913,0.3382913
0.0014368563,0.0014368563,0.0014368563,0.0014368563,0.0014368563
0.21587479,0.21587479,0.21587479,0.21587479,0.21587479
0.44538245,0.44538245,0.44538245,0.44538245,0.44538245
0.0104527455,0.0104527455,0.0104527455,0.0104527455,0.0104527455
0.32563344,0.32563344,0.32563344,0.32563344,0.32563344
0.0011487579,0.0011487579,0.0011487579,0.0011487579,0.0011487579
0.21738273,0.21738273,0.21738273,0.21738273,0.21738273
0.44865158,0.44865158,0.44865158,0.44865158,0.44865158
0.00874698,0.00874698,0.00874698,0.00874698,0.00874698
0.3449659,0.3449659,0.3449659,0.3449659,0.3449659
0.0012364998,0.0012364998,0.0012364998,0.0012364998,0.0012364998
0.19639906,0.19639906,0.19639906,0.19639906,0.19639906
0.38703176,0.38703176,0.38703176,0.38703176,0.38703176
0.007096252,0.007096252,0.007096252,0.007096252,0.007096252
0.33888525,0.33888525,0.33888525,0.33888525,0.33888525
0.0008107861,0.0008107861,0.0008107861,0.0008107861,0.0008107861
0.266176,0.266176,0.266176,0.266176,0.266176
0.44740695,0.44740695,0.44740695,0.44740695,0.44740695
0.009389929,0.009389929,0.009389929,0.009389929,0.009389929
0.31375706,0.31375706,0.31375706,0.31375706,0.31375706
0.00082156283,0.00082156283,0.00082156283,0.00082156283,0.00082156283
0.2286245,0.2286245,0.2286245,0.2286245,0.2286245
0.44586933,0.44586933,0.44586933,0.44586933,0.44586933
0.00844346,0.00844346,0.00844346,0.00844346,0.00844346
0.29601327,0.29601327,0.29601327,0.29601327,0.29601327
0.00069530116,0.00069530116,0.00069530116,0.00069530116,0.00069530116
0.24897856,0.24897856,0.24897856,0.24897856,0.24897856
0.38655496,0.38655496,0.38655496,0.38655496,0.38655496
0.0062731793,0.0062731793,0.0062731793,0.0062731793,0.0062731793
0.315549,0.315549,0.315549,0.315549,0.315549
0.00068380235,0.00068380235,0.00068380235,0.00068380235,0.00068380235
0.29093906,0.29093906,0.29093906,0.29093906,0.29093906
0.3755943,0.3755943,0.3755943,0.3755943,0.3755943
0.0057261237,0.0057261237,0.0057261237,0.0057261237,0.0057261237
0.32692632,0.32692632,0.32692632,0.32692632,0.32692632
0.0006364714,0.0006364714,0.0006364714,0.0006364714,0.0006364714
0.29111677,0.29111677,0.29111677,0.29111677,0.29111677
0.34327647,0.34327647,0.34327647,0.34327647,0.34327647
0.003752217,0.003752217,0.003752217,0.003752217,0.003752217
0.34610388,0.34610388,0.34610388,0.34610388,0.34610388
0.0007073974,0.0007073974,0.0007073974,0.0007073974,0.0007073974
0.30616015,0.30616015,0.30616015,0.30616015,0.30616015
0.36610478,0.36610478,0.36610478,0.36610478,0.36610478
0.0043100924,0.0043100924,0.0043100924,0.0043100924,0.0043100924
0.3503021,0.3503021,0.3503021,0.3503021,0.3503021
0.00069033983,0.00069033983,0.00069033983,0.00069033983,0.00069033983
0.27859265,0.27859265,0.27859265,0.27859265,0.27859265
0.3866386,0.3866386,0.3866386,0.3866386,0.3866386
0.005361846,0.005361846,0.005361846,0.005361846,0.005361846
0.37043387,0.37043387,0.37043387,0.37043387,0.37043387
0.0007838188,0.0007838188,0.0007838188,0.0007838188,0.0007838188
0.23678188,0.23678188,0.23678188,0.23678188,0.23678188
0.44661573,0.44661573,0.44661573,0.44661573,0.44661573
0.006826785,0.006826785,0.006826785,0.006826785,0.006826785
0.3244856,0.3244856,0.3244856,0.3244856,0.3244856
0.0009798175,0.0009798175,0.0009798175,0.0009798175,0.0009798175
0.22109215,0.22109215,0.22109215,0.22109215,0.22109215
0.42328787,0.42328787,0.42328787,0.42328787,0.42328787
0.004575105,0.004575105,0.004575105,0.004575105,0.004575105
0.2924257,0.2924257,0.2924257,0.2924257,0.2924257
0.0009794605,0.0009794605,0.0009794605,0.0009794605,0.0009794605
0.27873194,0.27873194,0.27873194,0.27873194,0.27873194

